id,title,image,album,url
8,,https://img.youtube.com/vi/wMM1NRSaBRs/mqdefault.jpg,Rapunzel in Myanmar,https://drive.google.com/uc?export=view&id=1peZCXlc9TOY1zod6mfXxf97BDJ29Ddc3
9,,https://img.youtube.com/vi/sZ2SD1dqf24/mqdefault.jpg,Rumpelsiltskin in Myanmar,https://drive.google.com/uc?export=view&id=14ZA0UnhghwxKqBeGV1oiGKPI5nd5xppI
10,,https://img.youtube.com/vi/1KdBb6jWHag/mqdefault.jpg,Lion and Mouse in Myanmar,https://drive.google.com/uc?export=view&id=1mMUxsYUuTHNexJx8eJDPVpc_PiM45VrI
11,,https://img.youtube.com/vi/LUzvXI64eN4/mqdefault.jpg,Happy Prince in Myanmar,https://drive.google.com/uc?export=view&id=14zYLNd63SkqctQE6QSoMiyqK-9YN5RsT
12,,https://img.youtube.com/vi/ZVM6JV3goo8/mqdefault.jpg,Puss in Boots in Myanmar,https://drive.google.com/uc?export=view&id=1aoEvsTlEqapDTUv0ClMJes1BddiZrRBu
13,,https://img.youtube.com/vi/XlGsIMPxHXc/mqdefault.jpg,Elves and the Shoe Maker in Myanmar,https://drive.google.com/uc?export=view&id=1nG3sbBOafP_bgYnkexZNSjZIxCYNQGS1
14,,https://img.youtube.com/vi/cSqPJKtCHvE/mqdefault.jpg,Frog Prince in Myanmar,https://drive.google.com/uc?export=view&id=13S1kau7fdkpJcqPHs2urSTHSR0fnjesE
15,,https://img.youtube.com/vi/8vMdv4n4p0Q/mqdefault.jpg,Peter Pan in Myanmar,https://drive.google.com/uc?export=view&id=1dDKmlQCvXdp0ieM0MDifBRSFoSFxcKpI
16,,https://img.youtube.com/vi/jPXc7r2K8Ms/mqdefault.jpg,Thumbelina in Myanmar,https://drive.google.com/uc?export=view&id=1VUgsVSM86nhWe3C6WL_YEsrXu4Ll-YPE
17,,https://img.youtube.com/vi/I54Chzm_YUY/mqdefault.jpg,Jack and the Beanstalk in Myanmar,https://drive.google.com/uc?export=view&id=1g4qM-rUiNVCEwr-JmtLDIrCc6aNGcCR6
18,,https://img.youtube.com/vi/FUtmwK8h-08/mqdefault.jpg,Pinocchio in Myanmar,https://drive.google.com/uc?export=view&id=1u3wqos-jsuGux2sxTIADfX3JNxt8Pea2

